cpu_address,file_offset,instruction_bytes_le,mnemonic,operands,tool,input_sha256
0x80017A10,0x00008210,01000424,addiu,"$a0, $zero, 1",capstone-5.0.6,84a54ed74f3d0edd6d81380839f7e4ef5bfb21ecea18be9a062bd6bfa5a45c88
0x80017A14,0x00008214,614b000c,jal,0x80012d84,capstone-5.0.6,84a54ed74f3d0edd6d81380839f7e4ef5bfb21ecea18be9a062bd6bfa5a45c88
0x80017A18,0x00008218,04000424,addiu,"$a0, $zero, 4",capstone-5.0.6,84a54ed74f3d0edd6d81380839f7e4ef5bfb21ecea18be9a062bd6bfa5a45c88
0x80017A1C,0x0000821C,f94d000c,jal,0x800137e4,capstone-5.0.6,84a54ed74f3d0edd6d81380839f7e4ef5bfb21ecea18be9a062bd6bfa5a45c88
0x80017A20,0x00008220,01001024,addiu,"$s0, $zero, 1",capstone-5.0.6,84a54ed74f3d0edd6d81380839f7e4ef5bfb21ecea18be9a062bd6bfa5a45c88
0x80017A24,0x00008224,21200000,move,"$a0, $zero",capstone-5.0.6,84a54ed74f3d0edd6d81380839f7e4ef5bfb21ecea18be9a062bd6bfa5a45c88
0x80017A28,0x00008228,21288000,move,"$a1, $a0",capstone-5.0.6,84a54ed74f3d0edd6d81380839f7e4ef5bfb21ecea18be9a062bd6bfa5a45c88
0x80017A2C,0x0000822C,eb000724,addiu,"$a3, $zero, 0xeb",capstone-5.0.6,84a54ed74f3d0edd6d81380839f7e4ef5bfb21ecea18be9a062bd6bfa5a45c88
0x80017A30,0x00008230,0180023c,lui,"$v0, 0x8001",capstone-5.0.6,84a54ed74f3d0edd6d81380839f7e4ef5bfb21ecea18be9a062bd6bfa5a45c88
0x80017A34,0x00008234,0a80033c,lui,"$v1, 0x800a",capstone-5.0.6,84a54ed74f3d0edd6d81380839f7e4ef5bfb21ecea18be9a062bd6bfa5a45c88
0x80017A38,0x00008238,64b36390,lbu,"$v1, -0x4c9c($v1)",capstone-5.0.6,84a54ed74f3d0edd6d81380839f7e4ef5bfb21ecea18be9a062bd6bfa5a45c88
0x80017A3C,0x0000823C,a8714224,addiu,"$v0, $v0, 0x71a8",capstone-5.0.6,84a54ed74f3d0edd6d81380839f7e4ef5bfb21ecea18be9a062bd6bfa5a45c88
0x80017A40,0x00008240,1000a2af,sw,"$v0, 0x10($sp)",capstone-5.0.6,84a54ed74f3d0edd6d81380839f7e4ef5bfb21ecea18be9a062bd6bfa5a45c88
0x80017A44,0x00008244,1400a0af,sw,"$zero, 0x14($sp)",capstone-5.0.6,84a54ed74f3d0edd6d81380839f7e4ef5bfb21ecea18be9a062bd6bfa5a45c88
0x80017A48,0x00008248,1800a0af,sw,"$zero, 0x18($sp)",capstone-5.0.6,84a54ed74f3d0edd6d81380839f7e4ef5bfb21ecea18be9a062bd6bfa5a45c88
0x80017A4C,0x0000824C,00310300,sll,"$a2, $v1, 4",capstone-5.0.6,84a54ed74f3d0edd6d81380839f7e4ef5bfb21ecea18be9a062bd6bfa5a45c88
0x80017A50,0x00008250,2330c300,subu,"$a2, $a2, $v1",capstone-5.0.6,84a54ed74f3d0edd6d81380839f7e4ef5bfb21ecea18be9a062bd6bfa5a45c88
0x80017A54,0x00008254,80300600,sll,"$a2, $a2, 2",capstone-5.0.6,84a54ed74f3d0edd6d81380839f7e4ef5bfb21ecea18be9a062bd6bfa5a45c88
0x80017A58,0x00008258,2330c300,subu,"$a2, $a2, $v1",capstone-5.0.6,84a54ed74f3d0edd6d81380839f7e4ef5bfb21ecea18be9a062bd6bfa5a45c88
0x80017A5C,0x0000825C,80300600,sll,"$a2, $a2, 2",capstone-5.0.6,84a54ed74f3d0edd6d81380839f7e4ef5bfb21ecea18be9a062bd6bfa5a45c88
0x80017A60,0x00008260,2330c300,subu,"$a2, $a2, $v1",capstone-5.0.6,84a54ed74f3d0edd6d81380839f7e4ef5bfb21ecea18be9a062bd6bfa5a45c88
0x80017A64,0x00008264,8753000c,jal,0x80014e1c,capstone-5.0.6,84a54ed74f3d0edd6d81380839f7e4ef5bfb21ecea18be9a062bd6bfa5a45c88
0x80017A68,0x00008268,c616c624,addiu,"$a2, $a2, 0x16c6",capstone-5.0.6,84a54ed74f3d0edd6d81380839f7e4ef5bfb21ecea18be9a062bd6bfa5a45c88
0x80017A6C,0x0000826C,f94d000c,jal,0x800137e4,capstone-5.0.6,84a54ed74f3d0edd6d81380839f7e4ef5bfb21ecea18be9a062bd6bfa5a45c88
0x80017A70,0x00008270,00000000,nop,,capstone-5.0.6,84a54ed74f3d0edd6d81380839f7e4ef5bfb21ecea18be9a062bd6bfa5a45c88
0x80017A74,0x00008274,ffff0224,addiu,"$v0, $zero, -1",capstone-5.0.6,84a54ed74f3d0edd6d81380839f7e4ef5bfb21ecea18be9a062bd6bfa5a45c88
0x80017A78,0x00008278,300382a3,sb,"$v0, 0x330($gp)",capstone-5.0.6,84a54ed74f3d0edd6d81380839f7e4ef5bfb21ecea18be9a062bd6bfa5a45c88
0x80017A7C,0x0000827C,0b000224,addiu,"$v0, $zero, 0xb",capstone-5.0.6,84a54ed74f3d0edd6d81380839f7e4ef5bfb21ecea18be9a062bd6bfa5a45c88
0x80017A80,0x00008280,320382a7,sh,"$v0, 0x332($gp)",capstone-5.0.6,84a54ed74f3d0edd6d81380839f7e4ef5bfb21ecea18be9a062bd6bfa5a45c88
0x80017A84,0x00008284,0a80023c,lui,"$v0, 0x800a",capstone-5.0.6,84a54ed74f3d0edd6d81380839f7e4ef5bfb21ecea18be9a062bd6bfa5a45c88
0x80017A88,0x00008288,69b34290,lbu,"$v0, -0x4c97($v0)",capstone-5.0.6,84a54ed74f3d0edd6d81380839f7e4ef5bfb21ecea18be9a062bd6bfa5a45c88
0x80017A8C,0x0000828C,5c0280a3,sb,"$zero, 0x25c($gp)",capstone-5.0.6,84a54ed74f3d0edd6d81380839f7e4ef5bfb21ecea18be9a062bd6bfa5a45c88
0x80017A90,0x00008290,5a0280a7,sh,"$zero, 0x25a($gp)",capstone-5.0.6,84a54ed74f3d0edd6d81380839f7e4ef5bfb21ecea18be9a062bd6bfa5a45c88
0x80017A94,0x00008294,cc0280a3,sb,"$zero, 0x2cc($gp)",capstone-5.0.6,84a54ed74f3d0edd6d81380839f7e4ef5bfb21ecea18be9a062bd6bfa5a45c88
0x80017A98,0x00008298,fc0280a7,sh,"$zero, 0x2fc($gp)",capstone-5.0.6,84a54ed74f3d0edd6d81380839f7e4ef5bfb21ecea18be9a062bd6bfa5a45c88
0x80017A9C,0x0000829C,180380a7,sh,"$zero, 0x318($gp)",capstone-5.0.6,84a54ed74f3d0edd6d81380839f7e4ef5bfb21ecea18be9a062bd6bfa5a45c88
0x80017AA0,0x000082A0,640280a7,sh,"$zero, 0x264($gp)",capstone-5.0.6,84a54ed74f3d0edd6d81380839f7e4ef5bfb21ecea18be9a062bd6bfa5a45c88
0x80017AA4,0x000082A4,6c0280a3,sb,"$zero, 0x26c($gp)",capstone-5.0.6,84a54ed74f3d0edd6d81380839f7e4ef5bfb21ecea18be9a062bd6bfa5a45c88
0x80017AA8,0x000082A8,1e005010,beq,"$v0, $s0, 0x80017b24",capstone-5.0.6,84a54ed74f3d0edd6d81380839f7e4ef5bfb21ecea18be9a062bd6bfa5a45c88
0x80017AAC,0x000082AC,0f80023c,lui,"$v0, 0x800f",capstone-5.0.6,84a54ed74f3d0edd6d81380839f7e4ef5bfb21ecea18be9a062bd6bfa5a45c88
0x80017AB0,0x000082B0,0a80023c,lui,"$v0, 0x800a",capstone-5.0.6,84a54ed74f3d0edd6d81380839f7e4ef5bfb21ecea18be9a062bd6bfa5a45c88
0x80017AB4,0x000082B4,61b34280,lb,"$v0, -0x4c9f($v0)",capstone-5.0.6,84a54ed74f3d0edd6d81380839f7e4ef5bfb21ecea18be9a062bd6bfa5a45c88
0x80017AB8,0x000082B8,00000000,nop,,capstone-5.0.6,84a54ed74f3d0edd6d81380839f7e4ef5bfb21ecea18be9a062bd6bfa5a45c88
0x80017ABC,0x000082BC,0c004004,bltz,"$v0, 0x80017af0",capstone-5.0.6,84a54ed74f3d0edd6d81380839f7e4ef5bfb21ecea18be9a062bd6bfa5a45c88
0x80017AC0,0x000082C0,04300202,sllv,"$a2, $v0, $s0",capstone-5.0.6,84a54ed74f3d0edd6d81380839f7e4ef5bfb21ecea18be9a062bd6bfa5a45c88
0x80017AC4,0x000082C4,21200000,move,"$a0, $zero",capstone-5.0.6,84a54ed74f3d0edd6d81380839f7e4ef5bfb21ecea18be9a062bd6bfa5a45c88
0x80017AC8,0x000082C8,21288000,move,"$a1, $a0",capstone-5.0.6,84a54ed74f3d0edd6d81380839f7e4ef5bfb21ecea18be9a062bd6bfa5a45c88
0x80017ACC,0x000082CC,2130c200,addu,"$a2, $a2, $v0",capstone-5.0.6,84a54ed74f3d0edd6d81380839f7e4ef5bfb21ecea18be9a062bd6bfa5a45c88
0x80017AD0,0x000082D0,331dc624,addiu,"$a2, $a2, 0x1d33",capstone-5.0.6,84a54ed74f3d0edd6d81380839f7e4ef5bfb21ecea18be9a062bd6bfa5a45c88
0x80017AD4,0x000082D4,03000724,addiu,"$a3, $zero, 3",capstone-5.0.6,84a54ed74f3d0edd6d81380839f7e4ef5bfb21ecea18be9a062bd6bfa5a45c88
0x80017AD8,0x000082D8,1880023c,lui,"$v0, 0x8018",capstone-5.0.6,84a54ed74f3d0edd6d81380839f7e4ef5bfb21ecea18be9a062bd6bfa5a45c88
0x80017ADC,0x000082DC,d8814224,addiu,"$v0, $v0, -0x7e28",capstone-5.0.6,84a54ed74f3d0edd6d81380839f7e4ef5bfb21ecea18be9a062bd6bfa5a45c88
0x80017AE0,0x000082E0,1000a0af,sw,"$zero, 0x10($sp)",capstone-5.0.6,84a54ed74f3d0edd6d81380839f7e4ef5bfb21ecea18be9a062bd6bfa5a45c88
0x80017AE4,0x000082E4,1400a0af,sw,"$zero, 0x14($sp)",capstone-5.0.6,84a54ed74f3d0edd6d81380839f7e4ef5bfb21ecea18be9a062bd6bfa5a45c88
0x80017AE8,0x000082E8,8753000c,jal,0x80014e1c,capstone-5.0.6,84a54ed74f3d0edd6d81380839f7e4ef5bfb21ecea18be9a062bd6bfa5a45c88
0x80017AEC,0x000082EC,1800a2af,sw,"$v0, 0x18($sp)",capstone-5.0.6,84a54ed74f3d0edd6d81380839f7e4ef5bfb21ecea18be9a062bd6bfa5a45c88
0x80017AF0,0x000082F0,cd0280a3,sb,"$zero, 0x2cd($gp)",capstone-5.0.6,84a54ed74f3d0edd6d81380839f7e4ef5bfb21ecea18be9a062bd6bfa5a45c88
