target,target_role,call_site,file_offset,instruction_bytes_le
0x800137E4,io_wait_pump,0x80012C94,0x00003494,f94d000c
0x80014A5C,disc_scheduler_tick,0x80013130,0x00003930,9752000c
0x80013940,request_geometry,0x800139D4,0x000041D4,504e000c
0x80013940,request_geometry,0x80013AC4,0x000042C4,504e000c
0x8007E3D0,CD_getsector_wrapper,0x80013CCC,0x000044CC,f4f8010c
0x8007E3D0,CD_getsector_wrapper,0x80013DF8,0x000045F8,f4f8010c
0x8007E3D0,CD_getsector_wrapper,0x80013F60,0x00004760,f4f8010c
0x8007B468,psyq_DsPacket,0x800140D8,0x000048D8,1aed010c
0x8007B468,psyq_DsPacket,0x8001416C,0x0000496C,1aed010c
0x8007B468,psyq_DsPacket,0x80014340,0x00004B40,1aed010c
0x8007B468,psyq_DsPacket,0x80014798,0x00004F98,1aed010c
0x8007B468,psyq_DsPacket,0x80014958,0x00005158,1aed010c
0x8007B468,psyq_DsPacket,0x80014A1C,0x0000521C,1aed010c
0x8001455C,disc_state_machine,0x80014B08,0x00005308,5751000c
0x80013998,request_descriptor,0x80014DDC,0x000055DC,664e000c
0x80013998,request_descriptor,0x80014EB8,0x000056B8,664e000c
0x80013998,request_descriptor,0x80014F7C,0x0000577C,664e000c
0x80013998,request_descriptor,0x80015108,0x00005908,664e000c
0x80014E1C,record_request_wrapper,0x800179D4,0x000081D4,8753000c
0x800137E4,io_wait_pump,0x800179DC,0x000081DC,f94d000c
0x800137E4,io_wait_pump,0x80017A1C,0x0000821C,f94d000c
0x80014E1C,record_request_wrapper,0x80017A64,0x00008264,8753000c
0x800137E4,io_wait_pump,0x80017A6C,0x0000826C,f94d000c
0x80014E1C,record_request_wrapper,0x80017AE8,0x000082E8,8753000c
0x800137E4,io_wait_pump,0x80017BB4,0x000083B4,f94d000c
0x800245A0,two_side_deck_setup,0x80017D94,0x00008594,6891000c
0x80014E1C,record_request_wrapper,0x80020FD0,0x000117D0,8753000c
0x80014E1C,record_request_wrapper,0x80021124,0x00011924,8753000c
0x80021558,rank_threshold_lookup,0x80021660,0x00011E60,5685000c
0x80021558,rank_threshold_lookup,0x80021680,0x00011E80,5685000c
0x80021558,rank_threshold_lookup,0x800216B8,0x00011EB8,5685000c
0x80021558,rank_threshold_lookup,0x800216F0,0x00011EF0,5685000c
0x80021558,rank_threshold_lookup,0x8002171C,0x00011F1C,5685000c
0x80021558,rank_threshold_lookup,0x8002173C,0x00011F3C,5685000c
0x80021558,rank_threshold_lookup,0x8002175C,0x00011F5C,5685000c
0x80021558,rank_threshold_lookup,0x80021788,0x00011F88,5685000c
0x80021558,rank_threshold_lookup,0x800217A8,0x00011FA8,5685000c
0x80021558,rank_threshold_lookup,0x800217C8,0x00011FC8,5685000c
0x80021598,rank_score_builder,0x80021A2C,0x0001222C,6685000c
0x80021810,weighted_reward_roll,0x80021C60,0x00012460,0486000c
0x80021894,inventory_and_history_update,0x80021F14,0x00012714,2586000c
0x800137E4,io_wait_pump,0x800223C8,0x00012BC8,f94d000c
0x800243F4,deck_builder,0x800245C0,0x00014DC0,fd90000c
0x800243F4,deck_builder,0x800245D0,0x00014DD0,fd90000c
0x80014E1C,record_request_wrapper,0x80024F38,0x00015738,8753000c
0x80014E1C,record_request_wrapper,0x8002C070,0x0001C870,8753000c
0x800137E4,io_wait_pump,0x8002C078,0x0001C878,f94d000c
0x800179F4,duel_asset_loader,0x8002D014,0x0001D814,7d5e000c
0x800137E4,io_wait_pump,0x8002D084,0x0001D884,f94d000c
0x800137E4,io_wait_pump,0x8002D168,0x0001D968,f94d000c
0x800137E4,io_wait_pump,0x8002D5B0,0x0001DDB0,f94d000c
0x8003F87C,save_image_copy_and_write,0x8002DAE8,0x0001E2E8,1ffe000c
0x80024DC8,duel_global_setup,0x8002DD3C,0x0001E53C,7293000c
0x8003F87C,save_image_copy_and_write,0x8002F3B0,0x0001FBB0,1ffe000c
0x80014E1C,record_request_wrapper,0x8002F69C,0x0001FE9C,8753000c
0x800137E4,io_wait_pump,0x8002F6A4,0x0001FEA4,f94d000c
0x80014E1C,record_request_wrapper,0x8002FD68,0x00020568,8753000c
0x800137E4,io_wait_pump,0x8002FD98,0x00020598,f94d000c
0x800137E4,io_wait_pump,0x80030F18,0x00021718,f94d000c
0x80024DC8,duel_global_setup,0x80030F68,0x00021768,7293000c
0x800137E4,io_wait_pump,0x80031050,0x00021850,f94d000c
0x80014E1C,record_request_wrapper,0x80032350,0x00022B50,8753000c
0x800137E4,io_wait_pump,0x80032358,0x00022B58,f94d000c
0x800137E4,io_wait_pump,0x80035958,0x00026158,f94d000c
0x80014E1C,record_request_wrapper,0x8003B9E4,0x0002C1E4,8753000c
0x800137E4,io_wait_pump,0x8003B9EC,0x0002C1EC,f94d000c
0x80014E1C,record_request_wrapper,0x8003BC20,0x0002C420,8753000c
0x800137E4,io_wait_pump,0x8003BC28,0x0002C428,f94d000c
0x80014E1C,record_request_wrapper,0x8003BEE0,0x0002C6E0,8753000c
0x800137E4,io_wait_pump,0x8003BEE8,0x0002C6E8,f94d000c
0x80014E1C,record_request_wrapper,0x8003C100,0x0002C900,8753000c
0x800137E4,io_wait_pump,0x8003C108,0x0002C908,f94d000c
0x80014E1C,record_request_wrapper,0x8003C2DC,0x0002CADC,8753000c
0x800137E4,io_wait_pump,0x8003C2E4,0x0002CAE4,f94d000c
0x80014E1C,record_request_wrapper,0x8003C308,0x0002CB08,8753000c
0x800137E4,io_wait_pump,0x8003C310,0x0002CB10,f94d000c
0x80014E1C,record_request_wrapper,0x8003C4C0,0x0002CCC0,8753000c
0x800137E4,io_wait_pump,0x8003C4C8,0x0002CCC8,f94d000c
0x80014E1C,record_request_wrapper,0x8004399C,0x0003419C,8753000c
0x800137E4,io_wait_pump,0x800439A4,0x000341A4,f94d000c
0x80014E1C,record_request_wrapper,0x800439CC,0x000341CC,8753000c
0x800137E4,io_wait_pump,0x800439DC,0x000341DC,f94d000c
0x800137E4,io_wait_pump,0x80043A30,0x00034230,f94d000c
0x80014E1C,record_request_wrapper,0x80050850,0x00041050,8753000c
0x800137E4,io_wait_pump,0x80050858,0x00041058,f94d000c
0x800137E4,io_wait_pump,0x80054024,0x00044824,f94d000c
0x800137E4,io_wait_pump,0x800565B8,0x00046DB8,f94d000c
0x80014E1C,record_request_wrapper,0x8005B888,0x0004C088,8753000c
0x8007B468,psyq_DsPacket,0x8007CE9C,0x0006D69C,1aed010c
0x8007E3D0,CD_getsector_wrapper,0x8007CFEC,0x0006D7EC,f4f8010c
0x8007B468,psyq_DsPacket,0x8007D368,0x0006DB68,1aed010c
0x8007B468,psyq_DsPacket,0x8007D3A4,0x0006DBA4,1aed010c
0x8007E3D0,CD_getsector_wrapper,0x8007DEC8,0x0006E6C8,f4f8010c
0x8007B468,psyq_DsPacket,0x8007E23C,0x0006EA3C,1aed010c
0x8007E3F0,psyq_CD_getsector,0x8007E3D8,0x0006EBD8,fcf8010c
