reader_id,region,cpu_start,cpu_end,access,width_or_count,classification,disposition,confidence,evidence
READ-001,array_0_deck_0x801781D8,0x80024448,0x800244D4,indirect sequential lhu,up to 720 u16 candidates per draw,consumer,"func_800243F4 draws until 40 cards are accepted; each accepted card is limited to three copies",High,instruction-windows.csv:deck_consumer
READ-002,array_1_reward_0x8017878C,0x80021810,0x80021890,indirect sequential lhu,722 u16,consumer,tier 0 when caller chooses group>=3 and side flag 0,High,instruction-windows.csv:weighted_roll
READ-003,array_2_reward_0x80178D40,0x80021810,0x80021890,indirect sequential lhu,722 u16,consumer,tier 1 when caller chooses group<3,High,instruction-windows.csv:weighted_roll
READ-004,array_3_reward_0x801792F4,0x80021810,0x80021890,indirect sequential lhu,722 u16,consumer,tier 2 when caller chooses group>=3 and side flag nonzero,High,instruction-windows.csv:weighted_roll
READ-005,rank_thresholds_0x801798A8,0x80021558,0x80021594,indirect signed lh,10 rows x sentinel-terminated pairs,consumer,"ten direct calls from func_80021598 use rows 0,1,2,3,4,5,6,7,8,9",High,direct-call-xrefs.csv and instruction-windows.csv
READ-006,gaps_0x8017877C_etc,NA,NA,none proven,NA,potential-reader,"no bounded direct/constructed-address or scoped constant hit survived disposition; absence remains static-only",Medium,effective-address-candidates.csv and native-validation-search.csv
READ-007,tail_0x80179970_0x801799D7,NA,NA,none proven,NA,potential-reader,"no bounded direct/constructed-address or scoped constant hit survived disposition; absence remains static-only",Medium,effective-address-candidates.csv and native-validation-search.csv
READ-008,adjacent_0x80178130,0x80024824,0x80024910,sequential lhu,at most 81 u16 including sentinel,false-positive,"80-entry list plus sentinel ends by 0x801781D2 and cannot overlap record start 0x801781D8",High,instruction-windows.csv:adjacent_false_positive
READ-009,0x801781D8_candidate,0x80024490,0x800244B4,two stale constant-propagation lbu candidates,1 byte each,false-positive,"actual $v1 is stack byte array $sp+0x10+s1 at both sites; reads per-card copy count rather than record byte",High,instruction-windows.csv:deck_consumer
