input_id,input_or_boundary,normal_ps1_path_role,source_locator,source_status,fixture_coverage,confidence,limitation
R3A-HASH-001,Track one handle,Opened before PlayStation lookup and read operations,hash_disc.c 938-940,OBSERVED,A0 through A6,High,Source-only behavior for the pinned implementation
R3A-HASH-002,ISO primary-volume and directory records,Used to locate SYSTEM.CNF and the selected executable by path,hash_disc.c 82-170;866-924,OBSERVED,A0 baseline and A1/A2 isolation,High,Locator reads do not by themselves prove complete-directory bytes enter the final MD5
R3A-HASH-003,SYSTEM.CNF BOOT entry,Selects the primary executable name after prefix and slash normalization,hash_disc.c 866-924,OBSERVED,A4 and A6,High,Existing test presence is not an R3A execution result
R3A-HASH-004,PSX.EXE fallback,Used only when the BOOT lookup does not produce a sector,hash_disc.c 942-946,OBSERVED,A6 fallback subcase,High,Fixture runner must record the outcome rather than assume success
R3A-HASH-005,Executable name,Appended to MD5 before file bytes,hash_disc.c 964-972,OBSERVED,A4,High,The relation is source-derived until neutral fixture execution
R3A-HASH-006,PS-X EXE header marker and declared payload length,Marker controls whether declared payload length plus header is used as supplied file size,hash_disc.c 951-963,OBSERVED,A3 A5 A6,High,Malformed-marker path retains directory-record size and must be tested separately from truncation
R3A-HASH-007,Selected executable bytes,Hashed by rc_hash_cd_file only up to the supplied size with final partial read bounded by remaining size,hash_disc.c 174-211;968-973,OBSERVED,A3 and A5,High,A5 must keep all locator metadata and selected byte range identical
R3A-HASH-008,Unrelated sentinel file bytes,Not passed to rc_hash_cd_file from the normal selected-executable path,hash_disc.c 928-980,NOT_DIRECTLY_TESTED,A1 and A2,Medium,Fixture execution is required before a bounded behavioral conclusion
R3A-HASH-009,Other tracks and unrelated disc-file contents,Not an explicit input to the reviewed ordinary non-playlist rc_hash_psx MD5 append path,hash.c 947-952;hash_disc.c 928-980,NOT_DIRECTLY_TESTED,None in R3A,Medium,No broad absence claim; playlists and unreviewed media-reader behavior remain separate
